Student_ID,Roll_no,Name,F_Name,email,CNIC,City,Country,Religion,Mobile,Program,Session,Gender
3,8,Muhammad Salman,Ihali Bakhs Khan,salman@gmail.com,36154-85749652-7,Bahawalpur,165,Islam,3326365879,3,2012,male
5,3,Umair Anwar,Anwar Khan,umairanwar2727@gmail.com,31202-6352418-9,Bahawalpur,165,Islam,0300-6352418,4,2012,male
23,3,Rizwan Saleem,Muhammad Saleem,rizwansaleem70@gmail.com,31202-3121838-9,Bahawalpur,165,Islam,3326365879,3,2012,male
26,3,Adnan Ghouri,Javed Ghouri,adnanghouri@gmail.com,36154-85749652-7,Bahawalpur,165,Islam,0300-3162038,5,2012,female
27,4,Muhammad Zeeshan Iqb,Muhammad Iqbal,mzeeshanbwp@gmail.com,31205-6987495-8,Bahawalpur,165,Islam,3326352149,3,2012,male
28,7,Muhammad Fareed,Muhammad Akhtar,abss@gmail.com,31202-3121838-9,Bahawalpur,165,Islam,0300-1234567,6,2013,male
