"Student_ID","Roll_no","Name","F_Name","email","CNIC","City","Country","Religion","Mobile","Program","Session","Gender"
"26","3","Adnan Ghouri","khan baba","adnanghouri@gmail.com","36154-85749652-7","Bahawalpur","165","Islam","0300-3162038","5","2012","male"
"27","4","Muhammad Zeeshan Iqb","Muhammad Iqbal","mzeeshanbwp@gmail.com","31205-6987495-8","Bahawalpur","165","Islam","03326352149","3","2012","male"
"29","3","Rizwan Saleem","Muhammad Saleem","rizwansaleem70@gmail.com","31202-3121838-9","Bahawalpur","165","Islam","03326365871","3","2012","male"
"30","2","Umair Anwar","Anwar Khan","umairanwar2323@gmail.com","31202-3652148-9","Bahawalpur","165","Islam","0300-3162038","4","2012","male"
