"Student_ID","Roll_no","Name","F_Name","email","CNIC","City","Country","Religion","Mobile","Program","Session","Gender"
"26","3","Adnan Ghouri","Javed Ghouri","adnanghouri@gmail.com","36154-85749652-7","Bahawalpur","165","Islam","12345678","5","2012","male"
"27","4","Muhammad Zeeshan Iqb","Muhammad Iqbal","mzeeshanbwp@gmail.com","31205-6987495-8","Bahawalpur","pakistan","Islam","1234567","3","2012","male"
"28","7","Muhammad Fareed","Muhammad Akhtar","abss@gmail.com","31202-3121838-9","Bahawalpur","165","Islam","0300-1234567","6","2013","male"
"29","1","pk","up","pushkarmca2019@gmail.com","a","a","16","a","7703801967","4","2018","male"
"30","999","Pushkar kumar","h","armca2019@gmail.com","a","Gaya","15","gb","7703801967","5","2018","male"
"31","9999","Pushkar kumard","d","a2019@gmail.com","6","Gaya","15","a","7703801967","6","2018","male"
"32","9999","w","ww","w@gmail.com","w","gaya","1","w","11","3","2019","male"
